weapon_name,upgrade_name,hint,cost,weaponVO,weaponVOresp,ammo_cost,create_vox,obsolete_false,in_box,upgrade_in_box,is_limited,limit,upgrade_limit,obsolete2_false,wallbuy_autospawn,class,is_aat_exempt,is_wonder_weapon,force_attachments
derriese_bouncingbetty,,,1000,betty,,,,,FALSE,FALSE,FALSE,,,FALSE,TRUE,grenade,,,
cymbal_monkey,cymbal_monkey_upgraded,,2000,monkey,,,,,TRUE,FALSE,FALSE,,,FALSE,TRUE,grenade,,,
cymbal_monkey_upgraded,,,5000,monkey,,,,,FALSE,FALSE,FALSE,,,FALSE,TRUE,grenade,,,
frag_grenade,,,250,grenade,,,,,FALSE,FALSE,FALSE,,,FALSE,TRUE,grenade,,,
sticky_grenade,,,250,grenade,,250,,,FALSE,FALSE,FALSE,,,FALSE,TRUE,grenade,,,
knife,,,0,,,0,,,FALSE,FALSE,,,,FALSE,FALSE,special,,,
classic_bowie_knife,,,3000,wpck_bowie,,,,,FALSE,FALSE,,,,FALSE,FALSE,special,,,
ray_gun,ray_gun_upgraded,,10000,wpck_ray,,,,,TRUE,FALSE,FALSE,,,FALSE,TRUE,special,TRUE,TRUE,
tesla_gun,tesla_gun_upgraded,,10000,tesla,,,,,TRUE,FALSE,TRUE,1,,FALSE,TRUE,special,TRUE,TRUE,
t5_m1911,t5_m1911_rdw_upgraded,,300,pistol,,,,,FALSE,FALSE,FALSE,,,FALSE,TRUE,pistol,TRUE,,
s2_kar98k_irons,s2_kar98k_irons_upgraded,,200,sniper,,,,,FALSE,FALSE,FALSE,,,FALSE,TRUE,sniper,TRUE,,
s2_m30,s2_m30_upgraded,,1200,shotgun,,,,,FALSE,FALSE,FALSE,,,FALSE,TRUE,shotgun,TRUE,,
t8_m1897,t8_m1897_upgraded,,1500,shotgun,,,,,FALSE,FALSE,FALSE,,,FALSE,TRUE,shotgun,TRUE,,
s2_mp40,s2_mp40_upgraded,,1000,smg,,,,,FALSE,FALSE,FALSE,,,FALSE,TRUE,smg,TRUE,,
s2_thompsonm1a1,s2_thompsonm1a1_upgraded,,1200,smg,,,,,FALSE,FALSE,FALSE,,,FALSE,TRUE,smg,TRUE,,
s2_type100,s2_type100_upgraded,,1000,smg,,,,,FALSE,FALSE,FALSE,,,FALSE,TRUE,smg,TRUE,,
s2_stg44,s2_stg44_upgraded,,1200,rifle,,,,,FALSE,FALSE,FALSE,,,FALSE,TRUE,rifle,TRUE,,
s2_m1a1carbine,s2_m1a1carbine_upgraded,,600,rifle,,,,,FALSE,FALSE,FALSE,,,FALSE,TRUE,rifle,TRUE,,
s2_fg42,s2_fg42_upgraded,,1500,rifle,,,,,FALSE,FALSE,FALSE,,,FALSE,TRUE,rifle,TRUE,,
s2_gewehr43,s2_gewehr43_upgraded,,600,rifle,,,,,FALSE,FALSE,FALSE,,,FALSE,TRUE,rifle,TRUE,,
t5_ak74u,t5_ak74u_up,,1200,smg,,,,,FALSE,FALSE,FALSE,,,FALSE,TRUE,smg,,,
t5_aug,t5_aug_up,,1200,rifle,,,,,TRUE,FALSE,FALSE,,,FALSE,TRUE,rifle,,,
t5_china_lake,t5_china_lake_up,,1600,launcher,,,,,TRUE,FALSE,FALSE,,,FALSE,TRUE,launcher,TRUE,,
t5_commando,t5_commando_up,,1400,rifle,,,,,TRUE,FALSE,FALSE,,,FALSE,TRUE,rifle,,,
t5_cz75,t5_cz75_up,,700,pistol,,,,,TRUE,FALSE,FALSE,,,FALSE,TRUE,pistol,,,
t5_cz75_rdw,t5_cz75_rdw_up,,1100,pistol,,,,,TRUE,FALSE,FALSE,,,FALSE,TRUE,pistol,,,
t5_dragunov,t5_dragunov_up,,1750,sniper,,,,,TRUE,FALSE,FALSE,,,FALSE,TRUE,sniper,,,
t5_famas,t5_famas_up,,1300,rifle,,,,,TRUE,FALSE,FALSE,,,FALSE,TRUE,rifle,,,
t5_fal,t5_fal_up,,1500,rifle,,,,,TRUE,FALSE,FALSE,,,FALSE,TRUE,rifle,,, 
t5_g11,t5_g11_up,,1700,rifle,,,,,TRUE,FALSE,FALSE,,,FALSE,TRUE,rifle,,,
t5_galil,t5_galil_up,,1500,rifle,,,,,TRUE,FALSE,FALSE,,,FALSE,TRUE,rifle,,,
t5_hk21,t5_hk21_up,,2750,lmg,,,,,TRUE,FALSE,FALSE,,,FALSE,TRUE,lmg,,,
t5_hs10,t5_hs10_rdw_up,,1400,shotgun,,,,,TRUE,FALSE,FALSE,,,FALSE,TRUE,shotgun,,,
t5_l96a1,t5_l96a1_up,,1900,sniper,,,,,TRUE,FALSE,FALSE,,,FALSE,TRUE,sniper,,,
t5_m14,t5_m14_up,,500,rifle,,,,,FALSE,FALSE,FALSE,,,FALSE,TRUE,rifle,,,
t5_m16a1,t5_m16a1_up,,1200,rifle,,,,,FALSE,FALSE,FALSE,,,FALSE,TRUE,rifle,,,
t5_m72,t5_m72_up,,3000,launcher,,,,,TRUE,FALSE,FALSE,,,FALSE,TRUE,launcher,TRUE,,
t5_minigun,t5_minigun_up,,9000,lmg,,,,,FALSE,FALSE,FALSE,,,FALSE,TRUE,lmg,,,
t5_mp5k,t5_mp5k_up,,1000,smg,,,,,FALSE,FALSE,FALSE,,,FALSE,TRUE,smg,,,
t5_mp40,t5_mp40_up,,1000,smg,,,,,FALSE,FALSE,FALSE,,,FALSE,TRUE,smg,,,
t5_mpl,t5_mpl_up,,1000,smg,,,,,FALSE,FALSE,FALSE,,,FALSE,TRUE,smg,,,
t5_olympia,t5_olympia_up,,500,shotgun,,,,,FALSE,FALSE,FALSE,,,FALSE,TRUE,shotgun,,,
t5_pm63,t5_pm63_rdw_up,,1000,smg,,,,,FALSE,FALSE,FALSE,,,FALSE,TRUE,smg,,,
t5_python,t5_python_rdw_up,,1300,pistol,,,,,TRUE,FALSE,FALSE,,,FALSE,TRUE,pistol,,,
t5_rpk,t5_rpk_up,,2500,lmg,,,,,TRUE,FALSE,FALSE,,,FALSE,TRUE,lmg,,,
t5_spas12,t5_spas12_up,,1250,shotgun,,,,,TRUE,FALSE,FALSE,,,FALSE,TRUE,shotgun,,,
t5_spectre,t5_spectre_up,,1100,smg,,,,,TRUE,FALSE,FALSE,,,FALSE,TRUE,smg,,,
t5_stakeout,t5_stakeout_up,,1500,shotgun,,,,,FALSE,FALSE,FALSE,,,FALSE,TRUE,shotgun,,,
thundergun,thundergun_upgraded,,5000,thundergun,,,,,TRUE,FALSE,TRUE,1,,FALSE,TRUE,special,TRUE,TRUE,
t9_crossbow,t9_crossbow_up,,4000,,,,,,TRUE,FALSE,FALSE,,,FALSE,TRUE,special,TRUE,,
t9_ballistic_knife,t9_ballistic_knife_up,,2000,,,,,,TRUE,FALSE,FALSE,,,FALSE,TRUE,special,TRUE,,
knife_ballistic_bowie,knife_ballistic_bowie_upgraded,,2000,,,,,,FALSE,FALSE,FALSE,,,FALSE,TRUE,special,TRUE,,
hero_gravityspikes_melee,hero_gravityspikes_melee,,500,dg5,,,,,FALSE,FALSE,FALSE,,,FALSE,TRUE,dg5,TRUE,,
t8_tesla_dg1,t8_tesla_dg1_upgraded,,10000,dg1,,,,,FALSE,FALSE,TRUE,1,,FALSE,TRUE,special,TRUE,TRUE,
